1	CopperShovel	銅のシャベル
2	AncientMiningPick	古代のツルハシ
3	CopperMiningPick	銅のツルハシ
4	WaterCan	じょうろ
5	LargeWaterCan	大きなじょうろ
6	RoofingTool	屋根ふき装置
7	Leash	リード
8	CattleCage	畜産動物輸送ボックス
10	WoodMiningPick	木のツルハシ
11	WoodShovel	木のシャベル
12	CopperHoe	銅のくわ
13	WoodHoe	木のくわ
15	TinMiningPick	スズのツルハシ
16	TinShovel	スズのシャベル
17	TinHoe	スズのくわ
18	BugNet	虫取りあみ
20	IronMiningPick	鉄のツルハシ
21	IronShovel	鉄のシャベル
22	IronHoe	鉄のくわ
23	StoneSeeder	園芸こて
30	ScarletMiningPick	真紅石のツルハシ
31	ScarletHoe	真紅石のくわ
32	ScarletShovel	真紅石のシャベル
34	OctarineSeeder	オクタリンの園芸こて
35	OctarineMiningPick	オクタリンのツルハシ
36	OctarineShovel	オクタリンのシャベル
37	GalaxiteMiningPick	ガラクサイトのツルハシ
38	GalaxiteShovel	ガラクサイトのシャベル
39	Bucket	バケツ
41	SolariteMiningPick	ソラライトのツルハシ
45	LegendaryMiningPick	ソウルシーカー
50	WoodFishingRod	木の釣りざお
51	TinFishingRod	スズの釣りざお
52	IronFishingRod	鉄の釣りざお
53	ScarletFishingRod	真紅石の釣りざお
54	OctarineFishingRod	オクタリンの釣りざお
55	GalaxiteFishingRod	ガラクサイトの釣りざお
56	SolariteFishingRod	ソラライトの釣りざお
60	CopperSledge	銅の大型ハンマー
61	TinSledge	スズの大型ハンマー
62	IronSledge	鉄の大型ハンマー
63	ScarletSledge	真紅石の大型ハンマー
64	OctarineSledge	オクタリンの大型ハンマー
65	GalaxiteSledge	ガラクサイトの大型ハンマー
70	PaintBrushRed	赤色のペイントブラシ
71	PaintBrushYellow	黄色のペイントブラシ
72	PaintBrushGreen	緑色のペイントブラシ
73	PaintBrushPurple	紫色のペイントブラシ
74	PaintBrushBlue	青色のペイントブラシ
75	PaintBrushBrown	茶色のペイントブラシ
76	PaintBrushWhite	白色のペイントブラシ
77	PaintBrushBlack	黒色のペイントブラシ
78	PaintBrushOrange	橙色のペイントブラシ
79	PaintBrushCyan	青緑色のペイントブラシ
80	PaintBrushPink	桃色のペイントブラシ
81	PaintBrushGrey	灰色のペイントブラシ
82	PaintBrushPeach	薄桃色のペイントブラシ
83	PaintBrushTeal	深青緑色のペイントブラシ
90	DrillTool	ハンドドリル
91	LaserDrillTool	破壊光線
92	DrillToolScarlet	真紅石のハンドドリル
100	InventoryChest	宝箱
101	InventoryLarvaHiveChest	幼虫の巣の宝箱
102	InventoryMoldDungeonChest	カビだらけの宝箱
103	InventoryAncientChest	古代の宝箱
104	InventorySeaBiomeChest	貝がらの宝箱
105	InventoryDesertBiomeChest	金色の古代の宝箱
106	InventoryLavaChest	くすぶりの宝箱
107	GingerbreadChest	お菓子のおうち宝箱
108	ValentineChest	バレンタインの宝箱
109	AlienChest	異星技術の宝箱
110	Torch	たいまつ
111	Campfire	たき火
112	DecorativeTorch1	装飾用のたいまつ
115	CrystalLamp	結晶ランプ
120	DecorativePot	装飾用の鉢
121	PlanterBox	プランター
125	Pedestal	台座
126	StonePedestal	石の台座
127	RuinsPedestal	青色のガラス台座
128	SkeletonPedestal	死亡した探検家
129	SkeletonPedestal2	ガイコツの装飾品
135	WoodStool	木のスツール
136	WoodTable	木のテーブル
137	Painting	絵画
138	WoodPillar	木の柱
139	FloorPillow	フロアクッション
140	Lamp	ランプ
145	Speaker	シグナルスピーカー
150	LargeShinyGlimmeringObject	大きくて光り輝く物体
151	Thumper	シェイカー
152	BaitOnAPole	エサの柱
153	HydraBossNatureBait	森のウィンドオルガン
154	HydraBossSeaBait	氷のウィンドオルガン
155	HydraBossDesertBait	炎のウィンドオルガン
156	HydraBossVoidBait	空虚のウィンドオルガン
170	BossChest	巨獣の宝箱
171	GlurchChest	グラーチの宝箱
172	GhormChest	ゴームの宝箱
173	HivemotherChest	ハイヴマザーの宝箱
174	IvyChest	アイヴィーの宝箱
175	EasterChest	金色の巨獣の宝箱
176	MorphaChest	モルファの宝箱
177	OctopusBossChest	浮遊する巨獣の宝箱
178	KingSlimeChest	キングスライムの宝箱
179	LavaSlimeBossChest	イグニアスの宝箱
180	HivemotherHalloweenChest	呪われたハイヴマザーの宝箱
181	LockedPrinceChest	鍵のかかった砂漠の王子の宝箱
182	LockedQueenChest	鍵のかかった砂漠の王妃の宝箱
183	LockedKingChest	鍵のかかった砂漠の王の宝箱
184	UnlockedPrinceChest	砂漠の王子の宝箱
185	UnlockedQueenChest	砂漠の王妃の宝箱
186	UnlockedKingChest	砂漠の王の宝箱
187	MusicSheetStand	譜面台
188	WashBasin	洗い桶
189	AtlantianWormChest	アトラスワームの宝箱
190	HydraBossNatureChest	ドルイドラの宝箱
191	HydraBossSeaChest	クライドラの宝箱
192	HydraBossDesertChest	ファイドラの宝箱
193	CoreCommanderChest	コア技術の宝箱
194	WallBossChest	ウルシュライムの宝箱
195	Terrarium	テラリウム
196	Aquarium	アクアリウム
197	TerrariumBeach	ビーチのテラリウム
198	TerrariumDesert	砂漠のテラリウム
199	TerrariumNature	原生地のテラリウム
200	TerrariumCrystal	結晶のテラリウム
201	TerrariumPassage	通路のテラリウム
202	AquariumBeach	沈んだ海のアクアリウム
203	AquariumDesert	岩のアクアリウム
204	AquariumNature	原生地のアクアリウム
205	AquariumCrystal	結晶のアクアリウム
206	AquariumPassage	通路のアクアリウム
207	MalugazChest	マルガズの宝箱
208	GiantCicadaChest	巨大ゼミの宝箱
209	MetalTable	金属のテーブル
210	LockedCopperChest	鍵のかかった銅の宝箱
211	CopperChest	銅の宝箱
212	CopperKey	銅の鍵
213	LockedIronChest	鍵のかかった鉄の宝箱
214	IronChest	鉄の宝箱
215	IronKey	鉄の鍵
216	LockedScarletChest	鍵のかかった真紅石の宝箱
217	ScarletChest	真紅石の宝箱
218	ScarletKey	真紅石の鍵
219	LockedOctarineChest	鍵のかかったオクタリンの宝箱
220	OctarineChest	オクタリンの宝箱
221	OctarineKey	オクタリンの鍵
222	LockedGalaxiteChest	鍵のかかったガラクサイトの宝箱
223	GalaxiteChest	ガラクサイトの宝箱
224	GalaxiteKey	ガラクサイトの鍵
225	LockedSolariteChest	鍵のかかったソラライトの宝箱
226	SolariteChest	ソラライトの宝箱
227	SolariteKey	ソラライトの鍵
228	PassageChest	崇拝者の宝箱
229	RobotBossChest	S.A.H.A.B.A.R.の宝箱
300	WallDirtBlock	土のブロック
301	WallStoneBlock	石のブロック
302	WallStoneBricksBlock	石ブロックのカベ
303	WallClayBlock	粘土のブロック
320	WallWoodBlock	木のカベ
321	WallHiveBlock	幼虫の巣のブロック
325	WallGrassBlock	草のブロック
326	WallMoldBlock	カビのブロック
327	WallLimestoneBlock	石灰岩のブロック
328	WallSandBlock	砂のブロック
329	WallTurfBlock	芝のブロック
330	WallCityBlock	都市のブロック
331	WallDesertBlock	砂岩のブロック
332	WallLavaBlock	溶岩のブロック
333	WallDesertTempleBlock	神殿のブロック
334	WallDesertTempleBlock2	迷路のブロック
335	WallSnowBlock	雪のブロック
350	WallObsidianBlock	黒曜石のブロック
351	WallPaintableBlock	ぬりぬりカベ
352	WallScarletBlock	真紅石のカベ
353	WallCoralBlock	サンゴのカベ
354	WallGalaxiteBlock	ガラクサイトのカベ
355	WallExplosiveBlock	爆発物保管箱
356	WallGlassBlock	ガラスのカベ
357	WallMeadowBlock	牧草地のブロック
358	WallStrawBlock	わらブロックのカベ
359	WallCrystalBlock	結晶のブロック
360	WallAlienBlock	異星技術のブロック
361	WallGleamWoodBlock	光り木のカベ
362	WallNaturalExplosiveBlock	テルミットのカベ
363	WallDarkStoneBlock	黒石のブロック
364	WallPassageBlock	化石のブロック
365	WallOasisBlock	オアシスのブロック
366	WallForestExplosiveBlock	毒ベリーの壁
367	WallDesertExplosiveBlock	溶岩の壁
368	WallExcavationBlock	発掘のブロック
369	WallExcavationDungeonBlock	工業のブロック
370	WallExcavationRockBlock	凝灰岩のブロック
371	WallExcavationBorderBlock	ケイ酸塩のブロック
372	WallExcavationVoidBlock	空虚宿し凝灰岩のブロック
400	GroundDirtBlock	土の地面
401	GroundStoneBlock	石の地面
402	GroundHiveBlock	幼虫の巣の地面
403	GroundGrassBlock	草の地面
404	GroundMoldBlock	カビの地面
405	GroundBeachSandBlock	砂浜の地面
406	GroundClayBlock	粘土の地面
407	GroundSandBlock	砂の地面
408	GroundTurfBlock	芝の地面
409	GroundCityBlock	街の床
410	GroundDesertSandBlock	砂漠砂の地面
411	GroundLavaBlock	溶岩の地面
412	GroundDesertTempleBlock	神殿の床
413	GroundDesertTempleBlock2	迷路の床
414	GroundSnowBlock	雪の地面
415	GroundMeadowBlock	牧草地の地面
416	GroundDarkStoneBlock	黒石の地面
417	GroundCrystalBlock	結晶の床
418	GroundAlienBlock	異星技術の床
450	GroundObsidianBlock	黒曜石の地面
950	LockedReluciteChest	鍵のかかったリラサイトの宝箱
951	ReluciteChest	リラサイトの宝箱
952	ReluciteKey	リラサイトの鍵
1001	CopperBar	銅のインゴット
1002	IronBar	鉄のインゴット
1003	GoldBar	金のインゴット
1004	ScarletBar	真紅石のインゴット
1005	TinBar	スズのインゴット
1006	OctarineBar	オクタリンのインゴット
1007	GalaxiteBar	ガラクサイトのインゴット
1008	SolariteBar	ソラライトのインゴット
1009	PandoriumBar	パンドリウムのインゴット
1010	ReluciteBar	リラサイトのインゴット
1025	Glass	ガラスの部品
1030	Plank	厚板
1031	CoralPlank	コーラルウッドの厚板
1032	GleamWoodPlank	光り木の厚板
1200	EggIncubator	孵卵器
1201	PetCandy	ペットペレット
1202	PetCandyRare	レアおやつ
1203	PetCandyEpic	ケモノブースター
1204	PetBed	ペットのベッド
1205	PetBedBirdStick	止まり木の柱
1206	PetBedCatTree	おねんね木の隠れ家
1207	PetBedDogHouse	ワンワン小屋
1220	PetDogEgg	忠実なタマゴ
1221	PetDogEggCracked	ひび割れた忠実なタマゴ
1222	PetDog	サブテリア
1223	PetCatEgg	好奇心旺盛なタマゴ
1224	PetCatEggCracked	ひび割れた好奇心旺盛なタマゴ
1225	PetCat	エンバーテール
1226	PetBirdEgg	元気なタマゴ
1227	PetBirdEggCracked	ひび割れた元気なタマゴ
1228	PetBird	オウルクス
1229	PetSlimeBlobEgg	ブヨブヨのタマゴ
1230	PetSlimeBlobEggCracked	ひび割れたブヨブヨのタマゴ
1231	PetSlimeBlob	Jr.オレンジスライム
1232	PetBunnyEgg	機敏なタマゴ
1233	PetBunnyEggCracked	ひび割れた機敏なタマゴ
1234	PetBunny	フェザーロップ
1235	PetSlipperySlimeBlobEgg	ブヨブヨのツルツルタマゴ
1236	PetSlipperySlimeBlobEggCracked	ひび割れたブヨブヨのツルツルタマゴ
1237	PetSlipperySlimeBlob	Jr.ブルースライム
1238	PetPoisonSlimeBlobEgg	ブヨブヨの毒タマゴ
1239	PetPoisonSlimeBlobEggCracked	ひび割れたブヨブヨの毒タマゴ
1240	PetPoisonSlimeBlob	Jr.パープルスライム
1241	PetLavaSlimeBlobEgg	ブヨブヨの溶岩タマゴ
1242	PetLavaSlimeBlobEggCracked	ひび割れたブヨブヨの溶岩タマゴ
1243	PetLavaSlimeBlob	Jr.溶岩スライム
1244	PetPrinceSlimeBlobEgg	ブヨブヨのロイヤルタマゴ
1245	PetPrinceSlimeBlobEggCracked	ひび割れたブヨブヨのロイヤルタマゴ
1246	PetPrinceSlimeBlob	プリンススライム
1247	PetMoth	フェロモス
1248	PetMothEgg	フワフワのタマゴ
1249	PetMothEggCracked	ひび割れたフワフワのタマゴ
1250	PetTardigradeEgg	プニプニのタマゴ
1251	PetTardigradeEggCracked	ひび割れたプニプニのタマゴ
1252	PetTardigrade	クマモコムシ
1253	PetMagic	神秘術のシンビオート
1254	PetMagicEgg	神秘術のタマゴ
1255	PetMagicEggCracked	ひび割れた神秘術のタマゴ
1256	PetElectricEgg	ペストのタマゴ
1257	PetElectricEggCracked	ひび割れたペストのタマゴ
1258	PetElectric	電子ペット
1259	PetWarlockEgg	夜行のタマゴ
1260	PetWarlockEggCracked	ひび割れた夜行のタマゴ
1261	PetWarlock	ブキミミン
1300	Cow	ムーリン
1301	CattleFeedTray	エサ置き場
1302	Goat	バンバック
1303	RolyPoly	おだんご虫
1304	CowBaby	ムーリンの子ども
1305	GoatBaby	バンバックの子ども
1306	RolyPolyBaby	おだんご虫の子ども
1307	Turtle	ケルプル
1308	TurtleBaby	ケルプルの子ども
1309	Dodo	ドードー
1310	DodoBaby	ドードーのひな
1311	Camel	ラクラクーダ
1312	CamelBaby	ラクラクーダの子ども
1400	MusicSheetOwlBoyMainTheme	Owlboy - Main Title
1401	MusicSheetCoreKeeperBaseTheme	Core Keeper - Base Theme
1402	MusicSheetCookServeDelicious3ItsDangerousToGoAlone	CSD!3!? - It's Dangerous To Go Alone
1403	MusicSheetHappyBirthday	ハッピーバースデートゥユー
1404	MusicSheetTerrariaJourneysBeginning	Terraria - Journey's Beginning
1405	MusicSheetStardewValleyItsABigWorldOutside	Stardew Valley - Spring (It's a Big World Outside)
1406	MusicSheetValheimMeadows	Valheim - Meadows
1500	CopperOre	銅の鉱石
1505	TinOre	スズの鉱石
1510	IronOre	鉄の鉱石
1520	GoldOre	金の鉱石
1521	ScarletOre	真紅石の鉱石
1522	OctarineOre	オクタリンの鉱石
1523	GalaxiteOre	ガラクサイトの鉱石
1524	SolariteOre	ソラライトの鉱石
1525	PandoriumOre	パンドリウムの鉱石
1526	ReluciteOre	リラサイトの鉱石
1600	AncientGemstone	古代の宝石
1601	NatureGemstone	密林のヒスイ
1602	SeaGemstone	海のサファイア
1603	DesertGemstone	砂漠のルビー
1610	Wood	木材
1611	ThornWood	トゲの木
1612	CoralWood	コーラルウッド
1613	GleamWood	光の木材
1630	Slime	スライム
1631	PoisonSlime	毒のスライム
1632	SlipperySlime	すべりやすいスライム
1633	LavaSlime	マグマスライム
1640	Fiber	繊維
1641	Wool	羊毛
1642	RolyPolyPlate	おだんご虫プレート
1645	LarvaMeat	幼虫肉
1646	GoldenLarvaMeat	金色の幼虫肉
1647	MechanicalPart	機械の部品
1648	ScrapPart	ガラクタ部品
1649	Cytoplasm	細胞質
1650	CalcifiedBone	石灰化した貝
1651	BlastingDung	爆発こやし
1652	AlienFuse	異星の信管
1653	CorruptedAlloy	破損した合金
2021	AncientCoin	古代のコイン
2200	CopperOreBoulder	銅の鉱石の岩
2201	TinOreBoulder	スズの鉱石の岩
2202	IronOreBoulder	鉄の鉱石の岩
2203	GoldOreBoulder	金の鉱石の岩
2204	ScarletOreBoulder	真紅石の鉱石の岩
2205	OctarineOreBoulder	オクタリンの鉱石の岩
2206	GalaxiteOreBoulder	ガラクサイトの鉱石の岩
2207	SolariteOreBoulder	ソラライトの鉱石の岩
2209	PandoriumOreBoulder	パンドリウムの鉱石の岩
2218	ReluciteOreBoulder	リラサイトの鉱石の岩
2500	LarvaBossCrystal	ゴームの角
2501	SlimeBossCrystal	グラーチの目
2502	HiveBossCrystal	盗まれた結晶の心臓
2503	SlimeBossSummoningItem	ジャンボスライムの召喚像
2504	LarvaBossSummoningItem	ゴームの召喚像
2505	HiveBossSummoningItem	ハイヴマザーの召喚像
2506	ShamanBossSummoningItem	マルガズの召喚像
2508	KingSlimeSummoningItem	王冠の召喚像
2509	HiveHalloweenBossSummoningItem	呪われたハイヴマザーの召喚像
2510	CoreBossSummoningItem	コア・コマンダーの召喚像
2511	WallBossSummoningItem	原始のスライム細胞
2512	GiantCicadaBossSummoningItem	破損した樹液
2513	NatureCicadaSummoningItem	硬化した樹液
2514	VoidNeuronCicada	子虫の空虚の神経細胞
2515	RobotBossSummoningItem	不浄なるオーバーライド
3000	SlimeBlob	オレンジスライム
3001	Larva	幼虫
3002	BigLarva	巨大幼虫
3004	AcidLarva	酸の幼虫
3007	Cocoon	マユ
3008	AggressiveSlimeBlob	レッドスライム
3009	MushroomEnemy	キノコ人間
3021	PoisonSlimeBlob	パープルスライム
3022	SlipperySlimeBlob	ブルースライム
3026	RoyalSlimeBlob	ロイヤルスライム
3027	LavaSlimeBlob	溶岩スライム
3050	Caveling	ケイヴリング
3051	CavelingShaman	ケイヴリングシャーマン
3052	CavelingGardener	ケイヴリングガーデナー
3053	CavelingHunter	ケイヴリングハンター
3054	InfectedCaveling	感染したケイヴリング
3055	CavelingBrute	ケイヴリングブルート
3056	CavelingScholar	ケイヴリングスカラー
3057	AncientGolem	コアセントリー
3059	CavelingAssassin	ケイヴリングアサシン
3060	CavelingMummy	ケイヴリングミイラ
3061	CavelingSkirmisher	ケイヴリングスカーミッシャー
3062	CavelingSpearman	ケイヴリングスピアマン
3080	SnarePlant	トラッププラント
3100	SmallTentacle	触手
3101	MoldTentacle	カビ触手
3105	CrabEnemy	アワガニ
3130	BombScarab	爆弾スカラベ
3133	LavaButterfly	溶岩蝶
3150	CrystalBigSnail	結晶ツムリ
3151	OrbitalTurret	軌道タレット
3152	Mimite	マイマイト
3153	WormSegment	ニリピード
3155	ClayWormSegment	クレイバロワー
3163	AmoebaWormSegment	イオウムシ
3165	AmoebaGiantSegment	巨大アメーバ
3180	MushroomBrute	キノコ人間ブルート
3184	CicadaNymph	セミの若虫
3188	GoldenBombScarab	金色スカラベ
3191	RobotMiner	ジオボット坑夫
3192	RobotPatroller	ジオボット・パトローラー
3194	RobotSwarmer	ジオボット・クリーナー
3196	VoidLarvaCocoon	空虚の幼虫のマユ
3197	VoidLarva	空虚の幼虫
3500	YellowFirefly	黄色の光虫
3501	BlueFireFly	青色の光虫
3502	GreenFireFly	緑色の光虫
3503	RedFireFly	赤色の光虫
3504	PurpleFireFly	紫色の光虫
3510	JellyFish	ホウセキクラゲ
3550	VoidCaveling	空虚ケイヴリング
3551	VoidCavelingShaman	空虚ケイヴリングシャーマン
3553	VoidCavelingBrute	空虚ケイヴリングブルート
3900	CavelingMerchant	マント商人
3901	AncientHologramPod	古代のホログラムポッド
3902	SlimeMerchant	ヒゲ商人
3903	FishingMerchant	釣り商人
3904	SeasonalMerchant	シーズン商人
3905	SantasLittleHelper	リトルヘルパリング
3906	CrystalMerchant	勇敢な商人
3930	MysteriousIdol	謎の偶像
3931	SlimeOil	スライム油
3932	PileOfChum	まきエサの山
3933	CookiesAndMilk	クッキー＆ミルク
3934	Calendar	シーズンカレンダー
3935	CrystalMerchantSpawnItem	核バッテリー
3936	VoidMerchant	異界の商人
3937	VoidMerchantIdol	空虚の偶像
4001	AncientFountain	古代の噴水
4003	WoodenWorkBench	基本の作業台
4004	Furnace	かまど
4005	ElectronicsTable	電気台
4006	GreeneryPod	緑のポッド
4007	Carpenter	大工の作業台
4008	AlchemyTable	錬金台
4009	TableSaw	テーブルソー
4010	IronWorkBench	鉄の作業台
4011	CopperAnvil	銅の金床
4012	JewelryWorkBench	宝飾品作業台
4013	CookingPot	調理なべ
4014	IronAnvil	鉄の金床
4015	SmelterKiln	溶鉱炉
4016	ScarletWorkBench	真紅石の作業台
4017	RailwayForge	鉄道鍛冶
4018	PaintersTable	色ぬり作業台
4019	TinWorkbench	スズの作業台
4020	TinAnvil	スズの金床
4021	ScarletAnvil	真紅石の金床
4022	AutomationTable	自動作業台
4023	CartographyTable	製図台
4024	OctarineAnvil	オクタリンの金床
4025	SalvageAndRepairStation	分解/修理台
4026	DistilleryTable	蒸留台
4027	OctarineWorkbench	オクタリンの作業台
4028	FishingWorkBench	エサの作業台
4029	Dresser	ドレッサー
4030	AdvancedJewelryWorkBench	熟練の宝飾品作業台
4031	BoatWorkbench	ボートの作業台
4032	FuryForge	憤怒の鍛冶場
4033	GalaxiteWorkbench	ガラクサイトの作業台
4034	GalaxiteAnvil	ガラクサイトの金床
4035	KeyCraftingTable	鍵鋳造作業台
4036	GoKartWorkbench	ゴーカートの作業台
4037	ChristmasWorkbench	フェスティバルの作業台
4038	MagicMirror	魔法の鏡
4039	Mannequin	マネキン
4040	ValentineWorkbench	バレンタインの製作テーブル
4041	LoomSpinningWheel	織機
4042	MusicWorkbench	音楽の作業台
4043	CopperWorkbench	銅の作業台
4044	GlassSmelter	ガラスの溶鉱炉
4045	GlassWorkbench	ガラスの作業台
4046	UpgradeForge	アップグレード台
4047	SolariteAnvil	ソラライトの金床
4048	CattleWorkbench	畜産の作業台
4049	SolariteWorkbench	ソラライトの作業台
4050	HalloweenWorkbench	サウィンの作業台
4051	HydraWorkbench	ヒドラの祭壇
4052	PouchWorkbench	ポーチの作業台
4053	LaboratoryWorkbench	実験台
4054	FishingNet	漁網
4055	AdvancedAutomationTable	上級自動作業台
4056	VoidAltarWorkbench	リラサイト鍛冶作業台
4057	BigIndustrialTable	大きな工業のテーブル
4058	SmallIndustrialTable	工業のテーブル
4059	CritterCatcher	生き物捕獲器
4060	ExcavationWorkbench	金工職人の作業台
4097	RobotBossActivatorConsole	
4099	Portal	ポータル
4100	ElectricityGenerator	発電機
4151	SignArrow	矢印看板
4152	SignSkull	ガイコツ人形
4153	SignBrute	ブルートの看板
4154	SignText	看板
4155	SignTextMetropolis	都市の看板
4156	SignYellowWarning	黄色の警告看板
4157	SignRedWarning	赤い警告看板
4700	WoodFloor	木の床
4701	WoodFenceGate	木のフェンスゲート
4702	WoodFence	木のフェンス
4703	WoodBridge	木の橋
4704	StoneFloor	石の床
4705	StoneFenceGate	石のフェンスゲート
4706	StoneFence	石のフェンス
4707	StoneBridge	石の橋
4708	PaintableFloor	ぬりぬり床
4709	ScarletFloor	真紅石の床
4710	ScarletFenceGate	真紅石のフェンスゲート
4711	ScarletFence	真紅石のフェンス
4712	ScarletBridge	真紅石の橋
4713	PaintableLitFloor	光の床
4714	CoralFloor	サンゴの床
4715	CoralFenceGate	サンゴのフェンスゲート
4716	CoralFence	サンゴのフェンス
4717	CoralBridge	サンゴの橋
4718	GalaxiteFloor	ガラクサイトの床
4719	GalaxiteFenceGate	ガラクサイトのフェンスゲート
4720	GalaxiteFence	ガラクサイトのフェンス
4721	GalaxiteBridge	ガラクサイトの橋
4722	GlassFloor	ガラスの床
4723	ThinWallGlass	薄いガラスのカベ
4724	GlassBridge	ガラスの橋
4725	WovenStrawFloor	わら織の床
4726	GleamWoodFloor	光り木の床
4727	GleamWoodFenceGate	光り木のフェンスゲート
4728	GleamWoodFence	光り木のフェンス
4729	GleamWoodBridge	光り木の橋
4750	Rug	カーペット
4751	WovenMat	手織りのマット
4752	LooseFlooring	フリー・フローリング
4753	ValentineFloorPetals	バラの花びらフローリング
4760	Bed	ベッド
4770	WoodDoor	木のドア
4771	StoneDoor	石のドア
4772	ScarletDoor	真紅石のドア
4773	MetalGrateBridge	鉄の格子
4774	GleamWoodDoor	光り木のドア
4775	CoralDoor	サンゴのドア
4776	GalaxiteDoor	ガラクサイトのドア
4777	Tapestry	タペストリー
4778	Banner	バナー
4779	LampPost	街灯柱
4800	SirenLamp	サイレンランプ
4801	WallLightBulb	壁付け電球
4802	ExcavationBridge	工業の橋
4803	PuzzleDoor	黒曜石のドア
4804	PuzzleDoorKey	黒曜石の鍵
4805	PuzzleDoorLocked	鍵のかかった黒曜石のドア
5010	CavelingSkull	ケイヴリングのガイコツ
5011	LeafFossil	草の化石
5012	Ammonite	アンモナイト
5013	Geode	ジオード
5014	BrokenCoreIdol	壊れたコアの偶像
5015	Ocarina	オカリナ
5016	OldAmulet	古いアミュレット
5017	EarPlate	耳用プレート
5018	BoneCreole	ホネのクレオール
5019	TriangleTrinket	三角形の装身具
5020	TwistedAgate	ねじれたメノウ
5021	BloodSkull	血まみれのガイコツ
5022	GrubKnot	幼虫ののう胞
5023	PetrifiedEgg	タマゴの化石
5024	OldSporeMask	古い胞子マスク
5025	HardThorn	かたいトゲ
5026	BalloonSpore	フーセン胞子
5027	CavelingDoll	ケイヴリング人形
5028	SmallCavelingSkull	小さなケイヴリングのガイコツ
5029	GoldenFeather	金色の羽
5030	MechanicalArm	機械じかけの腕
5031	DryButterfly	干からびたチョウ
5032	PreciousUrn	貴重な壺
5033	AmberChunk	琥珀のかたまり
5034	PetrifiedCoral	サンゴの化石
5035	MoldDew	カビのつゆ
5036	FungalBone	胞子だらけのホネ
5037	MildewLeaf	白カビの葉
5038	ChippedPlate	欠けたお皿
5039	StoneCap	石のキノコかさ
5040	GiantMite	ジャンボダニ
5041	RustySpoon	さびたスプーン
5042	GreenKelp	緑色の海草
5043	GoldenStarfish	金色のヒトデ
5044	AmberFishEgg	琥珀魚のタマゴ
5045	SoftSponge	やわらかスポンジ
5046	AdderStone	アダーストーン
5047	CavelingPerfume	ケイヴリングの香水
5048	EnhydroCrystal	水入り結晶
5049	MucusAmoeba	ネバネバアメーバ
5050	ParasiteFossil	寄生虫の化石
5051	GoldenCocoon	金色のマユ
5052	GrubPearl	幼虫の真珠
5053	GiantGerm	ジャンボ細菌
5054	MoldShell	カビの貝がら
5055	CeremonialFlute	儀式用のフルート
5056	DataSlate	データスレート
5057	LostPaddle	なくなったパドル
5058	FeatherFishScale	ハネウオのウロコ
5059	CavelingMedal	ケイヴリングのメダル
5060	RainbowKelp	虹色の海草
5061	BubblePearl	バブルパール
5062	BlackBubblePearl	黒色のバブルパール
5063	SealedBeverage	密閉された飲み物
5064	SharkTooth	サメの歯
5065	ForkedCoral	フォークサンゴ
5066	PetrifiedTrilobite	三葉虫の化石
5067	RustyFishingHook	さびた釣り針
5068	FishFossil	魚の化石
5069	FizzyCrystal	泡立つ結晶
5070	GreyKelp	灰色の海草
5071	YellowKelp	黄色の海草
5072	PaleKelp	青白い海草
5073	RedKelp	赤色の海草
5074	EarlyHumanSkull	古代人のガイコツ
5075	GoldenCavelingMask	金色のケイヴリングマスク
5076	AncientGemPlate	古代の宝石のプレート
5077	AntiqueBoardGame	年代物のボードゲーム
5078	MusicBowl	音楽ボウル
5079	SeismicClock	地震時計
5080	OldJournal	古い手帳
5081	ParsecPalsDolls	謎の人形セット
5082	RitualGoblet	儀式用ゴブレット
5083	OracleCardCore	オラクルカード「実体」
5084	GlurchTrophy	グラーチの像
5085	IvyTrophy	アイヴィーの像
5086	GhormTrophy	ゴームの像
5087	HivemotherTrophy	ハイヴマザーの像
5088	SlimeTrophy	スライムの像
5089	PurpleSlimeTrophy	パープルスライムの像
5090	RedSlimeTrophy	レッドスライムの像
5091	AcidLarvaTrophy	酸の幼虫の像
5092	LarvaTrophy	幼虫の像
5093	BigLarvaTrophy	巨大幼虫の像
5094	HiveLarvaTrophy	ハイヴ幼虫の像
5095	HiveBigLarvaTrophy	巨大ハイヴ幼虫の像
5096	CavelingTrophy	ケイヴリングの像
5097	CavelingFarmerTrophy	ケイヴリングガーデナーの像
5098	CavelingHunterTrophy	ケイヴリングハンターの像
5099	CavelingShamanTrophy	ケイヴリングシャーマンの像
5100	CavelingInfectedTrophy	感染したケイヴリングの像
5101	CavelingBruteTrophy	ケイヴリングブルートの像
5102	AzeosTrophy	アゼオスの像
5103	MalugazTrophy	マルガズの像
5104	TentacleTrophy	触手の像
5105	MoldTentacleTrophy	カビ触手の像
5106	SnarePlantTrophy	トラッププラントの像
5107	BlueSlimeTrophy	ブルースライムの像
5108	OracleCardGem	オラクルカード「オーラ」
5109	OracleCardFlower	オラクルカード「壮麗」
5110	EasterAzeosTrophy	覚醒アゼオスの像
5111	ScreenDevice	スクリーンデバイス
5112	CavelingEffigy	ケイヴリングの肖像
5113	CrystalSphere	結晶の球体
5114	LuxuriousHandmirror	ぜいたくな手鏡
5115	ProcessorChip	マイクロチップ
5116	TimelessHourglass	悠久の砂時計
5117	PlayingDice	サイコロ
5118	GoldenWhistle	金色のホイッスル
5119	BentFork	曲がったフォーク
5120	CavelingCup	ケイヴリングのコップ
5121	OracleCardScholar	オラクルカード「英智」
5122	OracleCardCity	オラクルカード「大都市」
5123	OracleCardLeader	オラクルカード「着想」
5124	CoreTrophy	コアの像
5125	MorphaTrophy	モルファの像
5126	CocoonTrophy	マユの像
5127	OmorothTrophy	オモロスの像
5128	CrabTrophy	アワガニの像
5129	GolemTrophy	コアセントリーの像
5130	ScholarTrophy	ケイヴリングスカラーの像
5131	GiantSquidEye	ジャンボイカの目玉
5132	GoldenNeedle	金色の針
5133	PolishedShell	上質な貝がら
5134	OpabiniaFossil	オパビニアの化石
5135	BlueKelp	青色の海草
5136	MushroomEnemyTrophy	キノコ人間の像
5137	KingSlimeTrophy	キングスライムの像
5138	OracleCardAzeos	オラクルカード「光輝」
5139	OracleCardOmoroth	オラクルカード「自制」
5140	OracleCardRaAkar	オラクルカード「忍耐」
5141	BlueGlassShard	青色のガラス破片
5142	CharredCavelingSkull	黒こげのケイヴリングのガイコツ
5143	CavelingSandal	ケイヴリングのサンダル
5144	WorkerHandcuff	労働者の手錠
5145	CrystalSpearhead	結晶の矛先
5146	MoltenButterflyWing	溶岩のはね
5147	PlumeBall	プルームボール
5148	PickaxeHead	ツルハシのヘッド
5149	DesertDiamond	砂漠のダイヤモンド
5150	BlackDesertDiamond	黒い砂漠のダイヤモンド
5151	BagOfMarbles	ビー玉の袋
5152	AncientGoldenCoin	古代の金色のお金
5153	IncenseBowl	お香の小鉢
5154	AncientMakeupSet	古代の化粧セット
5155	CavelingProphetMask	ケイヴリングの預言者の仮面
5156	FrozenFlame	凍てついた炎
5160	IgneousTrophy	イグニアスの像
5161	RaAkarTrophy	ラ・アカールの像
5162	BombScarabTrophy	爆弾スカラベの像
5163	LavaButterflyTrophy	溶岩蝶の像
5164	CavelingAssassinTrophy	ケイヴリングアサシンの像
5165	LavaSlimeTrophy	溶岩スライムの像
5166	BrokenGourd	壊れたひょうたん
5167	KingfishScale	キングフィッシュのウロコ
5168	BrokenToyShip	壊れたおもちゃの船
5169	FleshKelp	薄橙色の海草
5170	AncientFishingHook	古代の釣り針
5171	FusionAlloy	融合合金
5172	StarlightShards	星明りの破片
5173	DarkBlueKelp	紺青色海草
5174	WhiteWhistle	白色のホイッスル
5175	HiveHalloweenBossTrophy	呪われたハイヴマザーの像
5176	FrankensteinCavelingBruteTrophy	フランケンブルートの像
5177	PumpkinHeadCavelingShamanTrophy	パンプキングケイヴリングの像
5178	GhostBlanketCavelingTrophy	スプーケイヴリングの像
5179	BigLarvaVampireTrophy	巨大ドラキュラルヴァの像
5180	CavelingSkirmisherTrophy	ケイヴリングスカーミッシャーの像
5181	CavelingSpearmanTrophy	ケイヴリングスピアマンの像
5182	CrystalStar	結晶の星
5183	SnowGlobe	スノードーム
5184	SentryNutcracker	セントリーナッツクラッカー
5185	WinterBell	冬の鈴
5186	ChristmasShamanTrophy	スターワンドシャーマンの像
5187	ChristmasSlimeTrophy	スノーヘッドスライムの像
5188	ChristmasSpikedSlimeTrophy	キャロットスライムの像
5189	ChristmasBruteTrophy	ベーカリーブルートの像
5190	ChristmasCavelingTrophy	クッキーヴリングの像
5191	ChristmasShroomanTrophy	サンタキノコ人間の像
5192	LumpOfCoal	石炭の塊
5193	PinkRoseBouquet	ピンクローズのブーケ
5194	WhiteRoseBouquet	ホワイトローズのブーケ
5195	GoldenRoseBouquet	ゴールデンローズのブーケ
5196	EnchantedRose	魔法のバラ
5197	RoseWater	ローズウォーター
5198	HeartOfGold	金のハート
5199	BlueGlassKalimba	青色ガラスのカリンバ
5200	OffspringCapsule	ベビーカプセル
5201	HomeworldReminiscence	故郷世界の思い出
5202	CatalystGemstone	触媒宝石
5203	ChemicalRation	化学食料
5204	DeepspaceLog	深宇宙の記録
5205	TriopsFossil	カブトエビの化石
5206	SuspendedButterfly	時が止まった蝶
5207	CrystalBone	結晶骨
5208	AgarthaReport	アガルタの記録
5209	SparkleOpal	輝くオパール
5210	AtlantianWormTrophy	アトラスワームの像
5212	MimiteTrophy	マイマイトの像
5213	OrbitalTurretTrophy	軌道タレットの像
5214	NilipedeTrophy	ニリピードの像
5215	ClayWormTrophy	クレイバロワーの像
5216	HydraBossNatureTrophy	ドルイドラの像
5217	HydraBossDesertTrophy	ファイドラの像
5218	HydraBossSeaTrophy	クライドラの像
5219	CoreCommanderTrophy	コア・コマンダーの像
5220	UnleashedCoreCommanderTrophy	解放されたコア・コマンダーの像
5221	ColossalAmoebaTrophy	巨大アメーバの像
5222	SulfurWormTrophy	イオウムシの像
5223	WallBossTrophy	ウルシュライムの像
5224	CavelingMummyTrophy	ケイヴリングミイラの像
5225	ShroomanBruteTrophy	キノコ人間ブルートの像
5226	GoldenBombScarabTrophy	金色スカラベの像
5227	CicadaNymphTrophy	セミの若虫の像
5228	CicadaNatureTrophy	フローラルゼミの像
5229	GiantCicadaBossTrophy	ニムルザの像
5230	RobotBossTrophy	S.A.H.A.B.A.R.のトロフィー
5231	VoidLarvaTrophy	空虚の幼虫の像
5232	VoidLarvaCocoonTrophy	空虚の幼虫のマユの像
5233	RobotMinerTrophy	ジオボット坑夫の像
5234	RobotPatrollerTrophy	ジオボット・パトローラーの像
5235	RobotSwarmerTrophy	ジオボット・クリーナーの像
5236	VoidCavelingMinerTrophy	空虚ケイヴリングの像
5237	VoidCavelingShamanTrophy	空虚ケイヴリングシャーマンの像
5238	VoidCavelingBruteTrophy	空虚ケイヴリングブルートの像
5239	HydraBossVoidTrophy	オブリドラの像
5500	Mushroom	キノコ
5501	GiantMushroom	ジャンボキノコ
5502	GiantMushroom2	ジャンボキノコ
5503	AmberLarva2	琥珀の幼虫
5505	StoneCavelingMoss	石ゴケ
5506	NatureCavelingMoss	草ゴケ
5507	CityCavelingMoss	都会ゴケ
5508	FungalGrowth	胞子だらけの土
5509	DesertCavelingMoss	谷ゴケ
5510	ClayCavelingMoss	粘土ゴケ
5511	Chrysalis	サナギ
5512	GroundSlime	スライムの地面
5513	GroundAcidSlime	酸のスライムの地面
5514	GroundPoisonSlime	毒のスライムの地面
5515	GroundSlipperySlime	すべりやすいスライムの地面
5516	GroundLavaSlime	マグマスライムの地面
5517	CrystalCrust	結晶殻
5518	GroundOilSlime	石油の地面
5520	AncientDestructible	古代の箱
5525	LargeAncientDestructible	大きな古代の箱
5570	RuinsPiece1	遺跡のアーチ
5571	RuinsPiece2	遺跡のゲート
5572	RuinsPiece3	遺跡のタイル
5573	RuinsPiece4	遺跡の柱
5580	PottedLandKelp	鉢植えの陸藻
5581	PottedFlowerTree	鉢植えの花咲く木
5582	PottedPlumeTree	鉢植えのプルームの木
5583	PottedCherryTree	鉢植えの桜の木
5584	PottedLushTree	鉢植えの緑豊かな木
5585	PottedPuffSticks	鉢植えのカビポンポン
5586	PottedLushBush	鉢植えの奈落の木
5587	PottedMagmaTulip	鉢植えのマグマチューリップ
5588	PottedGlowberryTree	鉢植えのムーンベルの木
5589	PottedGoldenOrbBush	鉢植えの牧草地の木
5590	PottedLucentTree	鉢植えの輝くオーク
5591	PottedAlienFlower	鉢植えの異星の花
5601	ColossCicada	巨大ゼミの殻
5602	SlimeDestructSmall	小さなスライムの器
5603	SlimeDestructMedium	普通のスライムの器
5604	SlimeDestructLarge	大きなスライムの器
5607	AmberLarva	琥珀の幼虫
5608	HiveBone	ハイヴの骨
5609	HiveDestructible	巣のできもの
5610	Stalagmite	石筍
5611	WoodenDestructible	木の箱
5612	NatureDestructible	花の器
5613	WaterKelp	太陽の海草
5614	WaterLily	アゼオスのユリ
5615	NatureBones	原生地の骨
5616	AncientFeather	古代の羽
5618	AbyssTree	奈落の木
5619	Bush	草むら
5620	TallGrass	高草
5622	GraveTree	緑豊かな木
5624	AbandonedCampTent	キャンプテント
5625	AbandonedCampMatress	キャンプベッド
5630	MoldDestructible	カビの器
5631	LargeMoldDestructible	大きなカビの器
5633	PoisonSlimeDestructSmall	小さな毒スライムの器
5634	PoisonSlimeDestructMedium	普通の毒スライムの器
5635	PoisonSlimeDestructLarge	大きな毒スライムの器
5636	NatureWoodenDestructible	生い茂る木の箱
5639	BigJungleTree	楽園の木
5640	CicadaBurrow	セミの巣穴
5700	CavelingFloorTile	ケイヴリングの床タイル
5701	BrokenStonePillar	壊れた石柱
5702	CavelingPot	ケイヴリングの壺
5703	CavelingTable	ケイヴリングのテーブル
5704	CavelingChair	ケイヴリングのイス
5705	CavelingToilet	ケイヴリングのトイレ
5706	CavelingBed	ケイヴリングのベッド
5709	WaterWell	井戸
5710	CavelingFloorTileDark	ケイヴリングの暗い床タイル
5711	CavelingThrone	ケイヴリングの玉座
5712	LarvaBBQ	ローストオーブン
5713	LarvaSkewer	幼虫の串刺し
5714	LarvaskinTent	幼虫スキンテント
5715	SpearRack	スピアラック
5716	Kiln1	壊れた粘土の窯
5717	Kiln2	粘土焼成用バケツ
5718	LarvaskinRug	幼虫スキンカーペット
5719	LarvaskinRugRed	ハイヴ幼虫スキンカーペット
5720	LeatherFrameSmall	小さなクランプフレーム
5721	LeatherFrame	クランプフレーム
5722	ClayPot	粘土の壺
5750	MoldTree	カビの木
5751	MoldWell	カビの井戸
5752	MoldPillar	カビの柱
5753	MoldCicada	カビゼミ（鎌）
5756	MoldCicadaWithoutSickle	カビゼミ
5771	ExcavationMoss	さびの山
5772	ExcavationVoidMoss	混沌ゴケ
5773	GlowingMushroom	ヒカリキノコ
5775	ExcavationBrokenRobotDecorationPatroller	壊れたジオボット・パトローラー
5776	ExcavationBrokenRobotDecorationCharger	壊れたジオボット・チャージャー
5777	ExcavationBrokenRobotDecorationCharger2	老朽化したジオボット・チャージャー
5778	ExcavationBrokenRobotDecorationSwarmer	壊れたジオボット・スウォーマー
5779	ExcavationBrokenRobotDecorationSwarmer2	老朽化したジオボット・スウォーマー
5800	JellyfishDestructable	ビーチクラゲ
5801	LargeJellyfishDestructable	大きなビーチクラゲ
5802	GlowingCoral	ルーメンサンゴ
5803	LandKelp	陸藻
5804	TallLandKelp	背の高い陸藻
5805	KelpTree	海草の木
5806	FishingNetRack	漁網ラック
5807	DriftwoodTable	流木のテーブル
5808	DriftwoodStool	流木の丸イス
5809	WoodenSign1	木の看板「コア」
5810	WoodenSign2	木の看板「チューリップ」
5819	RuinsGate	都市のゲート
5820	RuinsCoreRelief	コア解放の石板
5821	BigFloorTileGemstone	石板「宝石」
5822	BigFloorTileCaveling	石板「ケイヴリング」
5823	BigFloorTileScholar	石板「学者」
5824	InfoBoardSmall	小さなホロボード
5825	InfoBoardLarge	大きなホロボード
5826	InfoBoardBroken	壊れたホロボード
5827	RuinsTable	大きな金ぶちテーブル
5828	RuinsTableSmall	金ぶちテーブル
5829	RuinsStool	ケイヴリングの丸イス
5830	RuinsShelfSmall	石の棚
5831	RuinsShelfLarge	石の大棚
5832	RuinsFireplace	ケイヴリングの暖炉
5833	RuinsCavelingPillar	ケイヴリングの柱
5834	VendingMachine	自販機
5835	VendingMachineBroken	壊れた自販機
5837	SeaShell	貝がら
5838	BrokenCoreSentry1	壊れたコアセントリー
5839	BrokenCoreSentry2	損傷したコアセントリー
5840	CityDestructible	都市の箱
5841	LargeCityDestructible	大きな都市の箱
5842	SeaWoodenDestructible	流木の箱
5844	SurfaceCoral1Large	大きな二色サンゴ
5845	SurfaceCoral1Medium	二色サンゴ
5846	SurfaceCoral1Small	小さな二色サンゴ
5847	SurfaceCoral2Large	大きな真紅サンゴ
5848	SurfaceCoral2Small	真紅サンゴ
5849	SurfaceCoral3Large	大きな皿サンゴ
5850	SurfaceCoral3Small	皿サンゴ
5860	DesertDestructible	砂漠の花の器
5861	LargeDesertDestructible	大きな砂漠の花の器
5863	LavaWoodenDestructible	黒こげの箱
5864	DesertTempleDestructible	神殿の箱
5865	LargeDesertTempleDestructible	大きな神殿の箱
5866	GreenDesertDestructible	オアシスの花の器
5867	GreenLargeDesertDestructible	大きなオアシスの花の器
5868	DesertBush	砂漠の低木
5869	DesertRock1	砂岩の岩石
5870	DesertRock2Left	左向きの大きなアーチ岩
5871	DesertRock3Right	右向きの巨大なアーチ岩
5874	PlumeTree	プルームの木
5877	DesertRockSmall	小さな砂岩の岩石
5878	ScarabWingcover	スカラベのウィングカバー
5880	AncientForge	古代の鍛冶場
5881	TemplePillar	神殿の柱
5882	TempleGlyphWall1	角度のついた彫刻のカベ
5883	TempleGlyphWall2	彫刻のカベ
5884	SmallTempleRug	神殿の装飾カーペット
5885	LargeTempleRug	大きな神殿の装飾カーペット
5886	TempleGuardianStatue	神殿の護り人の像
5887	TempleGuardianStatueRaided	襲撃された神殿の護り人の像
5888	TempleGlyphBlock	彫刻の石碑
5889	TempleGlyphBlockBroken	壊れた彫刻の石碑
5900	TempleThrone	神殿の玉座
5901	TemplePedestal	神殿の台座
5902	TempleAzeosUrn	アゼオスの飾り壺
5903	TempleRaAkarUrn	ラ・アカールの飾り壺
5904	TempleOmorothUrn	オモロスの飾り壺
5908	EmptyGrave	盗掘された墓
5909	BrokenGrave	損傷した墓
5910	IntactGrave	使用人の墓
5911	TiltedGrave	傾いた墓
5916	LavaRock	溶岩の岩
5917	EmberPit	炭坑
5918	SmithingBellow	古びた鍛造用ふいご
5919	LavaPost1	壊れた採石用木材
5920	LavaPost2	大きな採石用木材
5921	Wheelbarrow	古びた手押し車
5922	DesertRock2Right	右向きの大きなアーチ岩
5923	DesertRock3Left	左向きの巨大なアーチ岩
5925	LiquidMetalBasin	アマルガムの盆地
5926	LiquidMetalVent	アマルガムの通気口
5928	VoidNeuronRobotBoss	預言者の空虚の神経細胞
5940	AlienTechDestructible	異星技術の箱
5941	LargeAlienTechDestructible	大きな異星技術の木箱
5945	CrystalDestructible	太陽の結晶
5946	LargeCrystalDestructible	大きな太陽の結晶
5947	CrystalCicada	不完全な巨蟲
5949	LucentOakTree	輝くオーク
5950	TallCrystalGrass	結晶の高草
5951	SmallCrystalGrass	結晶の草
5952	CrystalTent	結晶のテント
5953	RadiationCrystal	放射線の結晶
5954	GeodeWallDisplay	カベ掛けのジオード
5955	ObeliskSmall	小さなオベリスク
5956	ObeliskTall	背の高いオベリスク
5957	SingingCrystal	歌う結晶
5958	AlienTechSpire	機能不全コイル
5959	AlienTechCrystalLight	異星結晶のライト
5960	AlienFloorVent	異星のフロアベント
5961	AlienObeliskSmall	小さな異星のオベリスク
5962	AlienObeliskTall	高い異星のオベリスク
5970	SulfurTree	硫黄の木
5971	SulfurBud	硫黄の芽
5972	FeatherTree	紫色のフェザーツリー
5973	SmallFeatherTree	小さな紫色のフェザーツリー
5974	FeatherTreeCyan	青緑色のフェザーツリー
5975	SmallFeatherTreeCyan	小さな青緑色のフェザーツリー
5976	TallBarnacleGrass	背の高いフジツボ草
5977	SmallBarnacleGrass	フジツボ草
5979	PandoriumCrystal	パンドリウムの結晶
5980	SmallPandoriumCrystal	小さなパンドリウムの結晶
5981	PassageDestructible	化石の塊
5982	LargePassageDestructible	大きな化石の塊
5983	PassageCraftingStatue	亀裂の像
5985	GrimyStonePillar	汚れた石柱
5986	GrimyStoneFloor	汚れた石の床
5987	StoneLantern	石のランタン
5988	OasisStalagmite	オアシスの石筍
5990	OasisSucculent	金ピカアロエ
5991	OasisSucculentLarge	大きな金ピカアロエ
5992	WaterReed	ミズアシ
5993	CultistColossCicada	巨大ゼミ
6002	PlayerGrave	墓石
6500	Lever	レバー
6501	ElectricalWire	電線
6502	AncientWire	古代のワイヤー
6504	ElectricalDoor	電動ドア
6505	LogicCircuit	論理回路
6506	PulseCircuit	パルス回路
6507	DelayCircuit	遅延回路
6508	ElectricityStick	電気棒
6509	DynamitePack	ダイナマイトパック
6510	PressurePlate	圧力プレート
6511	CrossCircuit	交差回路
6512	EnemySpawnerPlatform	マテリアライザー
6514	WayPoint	古代のウェイポイント
6515	RemoteExplosive	リモコン爆弾パック
6517	PlayerProximitySensor	探索者近接センサー
6518	UndergroundElectricityGenerator	埋め込み発電機
6519	ElectricalDropGate	電動ドロップゲート
6520	HostileCreatureProximitySensor	敵近接センサー
6521	KinematicDynamo	運動ダイナモ
6522	TCircuit	T字回路
6523	LCircuit	L字回路
6524	ICircuit	I字回路
6550	Rail	線路
6551	Minecart	トロッコ
6552	WonkyMinecart	不安定なトロッコ
6580	Boat	ボート
6581	SpeederBoat	マッハ号
6590	SpeederGoKart	爆走のゴーカート
6591	RenegadeGoKart	反逆のゴーカート
6592	PrimitiveGoKart	原始のゴーカート
6600	HiveSpikeTrap	ハイヴスパイクトラップ
6601	SpikeTrap	スパイクトラップ
6604	PoisonTrap	ポイズンスパイクトラップ
6609	GalaxiteTrap	ガラクサイトのトラップ
6610	WoodSpikeTrap	木製のスパイクトラップ
6650	Drill	ドリル
6651	ConveyorBelt	ベルトコンベア
6652	RobotArm	ロボットアーム
6653	Sprinkler	スプリンクラー
6654	TempleTurret	石のタレット
6655	GalaxiteTurret	ガラクサイトのタレット
6656	CrudeDrill	粗雑なドリル
6657	SeedExtractor	採種機
6658	RobotFarmArm	農業用ロボットアーム
6659	ConveyorBeltSplitter	ベルトコンベア分配器
6660	Shredder	シュレッダー
6661	Incinerator	焼却炉
6662	ItemCollector	アイテム回収機
6663	FlamethrowerTurret	炎のタレット
6800	GrimyStoneBookshelf	汚れた本棚
6801	GrimyStoneBookshelfLarge	大きな汚れた本棚
6803	GrimyStoneTable	汚れたテーブル
6820	AFScienceHelm	即席ゴーグル
6821	AFScienceBreastArmor	研究者のコート
6822	AFSciencePantsArmor	研究者のズボン
6823	AFWhiteBoard	ホワイトボード
6824	AFWaterCooler	ウォータークーラー
6825	AFBottledAnomaly	瓶入りのアノマリー
6826	AFVendingMachine	スナック自動販売機
6827	AFWoodenDestructible	オフィスの箱
6829	AFPipeClub	パイプクラブ
6830	AFQuillRifle	クイルライフル
6831	AFDrink1	ヴィット
6832	AFDrink2	ルートビア
6833	AFDrink3	Skipクッキー
6834	AFDrink4	スラッシー
6835	AFDrink5	コーヒーマグ
6836	AFDrink6	キッズコーラ
6837	AFPortal	アンテバースのポータル
6839	AFPestElectric	電子ペスト
6840	AFPestElectricTrophy	電子ペストの像
6848	ImmuneZoneEmitterLarge	スーパー分界コイル
6849	ImmuneZoneEmitterMedium	ビッグ分界コイル
6850	ImmuneZoneEmitter	分界コイル
6851	ExplosiveBarrel	爆発タル
6852	WallThermostat	壁付け温度計
6853	WallGauge	ウォール・ゲージ
6854	WallMetalSheet	壁用金属板
6855	BustedRobotArm	故障したロボットアーム
6858	ExcavationSign	採掘看板
6859	MetalBarrel	金属のタル
6860	ExcavationDestructibleReinforcedBox	補強された工業箱
6861	ExcavationDestructibleSteelBox	金属の工業箱
6862	MetalBarricade	金属のバリケード
6863	MetalPallet	金属のパレット
6864	DeadTree	枯れ木
6865	ColumnMonument	柱の記念碑
6866	SahabarMonument	サハバールの記念碑
6867	GearMonument	歯車の記念碑
6868	DrillMonument	ドリルの記念碑
6869	InventoryExcavationBiomeChest	簡素な宝箱
6870	ExcavationStatue	信心深いケイヴリングの記念碑
6871	ExcavationPedestal	工業の台座
6872	CandleStick	エーテルのしょく台
6873	ValuableExcavationRobotLeg	ジオボットの脚
6874	ValuableExcavationDisabledDataPad	無効化されたデータパッド
6875	ValuableExcavationTotem	サハバールの偶像
6876	HydraBossVoidChest	オブリドラの宝箱
7100	AzeosFeatherFan	アゼオスの羽扇
7200	OmorothCompass	オモロスのコンパス
7300	RaAkarAutomaton	ラ・アカールのロボット
7400	InstrumentHarp	ハープ
7401	InstrumentCello	チェロ
7402	InstrumentFlute	フルート
7403	InstrumentDrumkit	ドラムキット
7404	InstrumentPiano	ポケットピアノ
7900	Milk	牧草地のミルク
7901	Meat	霜降り肉
7902	Egg	ドードーのタマゴ
8001	HeartBerrySeed	ハートベリーの種
8003	HeartBerry	ハートベリー
8004	GlowingTulipSeed	発光チューリップの種
8006	GlowingTulipFlower	発光チューリップ
8007	BombPepperSeed	爆弾ピーマンの種
8009	BombPepper	爆弾ピーマン
8010	CarrockSeed	キャロックの種
8012	Carrock	キャロック
8013	PuffungiSeed	カビキノコの種
8015	Puffungi	カビキノコ
8016	RootSeed	根っこの種
8018	GrubKapokSeed	幼虫カポックの種
8020	CoralRootSeed	コーラルウッドの種
8022	BloatOatSeed	ボウチョウ麦の種
8024	BloatOat	ボウチョウ麦
8025	PewpayaSeed	ピュパイヤの種
8027	Pewpaya	ピュパイヤ
8028	PinegrappleSeed	パイグラップルの種
8030	Pinegrapple	パイグラップル
8031	GrumpkinSeed	ふきげんカボチャの種
8033	Grumpkin	ふきげんカボチャ
8034	SunriceSeed	サンライスの種
8036	Sunrice	サンライス
8037	LunacornSeed	ルナコーンの種
8039	Lunacorn	ルナコーン
8040	GleamRootSeed	光の木の種
8100	HeartBerryRare	金色のハートベリー
8101	GlowingTulipFlowerRare	金色の発光チューリップ
8102	BombPepperRare	金色の爆弾ピーマン
8103	CarrockRare	金色のキャロック
8104	PuffungiRare	金色のカビキノコ
8105	BloatOatRare	金色のボウチョウ麦
8106	PewpayaRare	金色のピュパイヤ
8107	PinegrappleRare	金色のパイグラップル
8108	GrumpkinRare	金色のふきげんカボチャ
8109	SunriceRare	金色のサンライス
8110	LunacornRare	金色のルナコーン
8200	RecallIdol	帰還の偶像
8210	HiveMotherScanner	ハイヴマザーのスキャナー
8211	LarvaBossScanner	大喰らいのゴームのスキャナー
8212	ShamanBossScanner	頽廃の王マルガズのスキャナー
8220	BirdBossScanner	天空の巨鳥アゼオスのスキャナー
8221	PoisonSlimeBossScanner	猛毒生命体アイヴィーのスキャナー
8225	OctopusBossScanner	海の巨獣オモロスのスキャナー
8226	SlipperySlimeBossScanner	水棲生命体モルファのスキャナー
8227	ScarabBossScanner	砂の巨獣ラ・アカールのスキャナー
8228	LavaSlimeBossScanner	溶岩の塊イグニアスのスキャナー
8229	SnakeBossScanner	アトラスワームのスキャナー
8230	CoreBossScanner	コア・コマンダーのスキャナー
8231	HydraBossNatureScanner	森の巨竜ドルイドラのスキャナー
8232	HydraBossSeaScanner	氷の巨竜クライドラのスキャナー
8233	HydraBossDesertScanner	炎の巨竜ファイドラのスキャナー
8234	WallBossScanner	ウルシュライムのスキャナー
8235	GiantCicadaBossScanner	砂潜りの女王ニムルザのスキャナー
8250	LegendarySwordParchment	ルーンの羊皮紙
8251	LegendaryBowParchment	グリフの羊皮紙
8252	ProtocolSlate	空の水晶
8253	ProtocolSlateKey	管理者のカギ
8254	LegendaryMiningPickParchment	暗号の羊皮紙
8255	BindingString	運命の糸
8257	LegendaryMortarParchment	設計図の羊皮紙
8259	HydraBossVoidScanner	空虚の支配者オブリドラのスキャナー
8260	RobotBossScanner	S.A.H.A.B.A.R.のスキャナー
8262	EchoMapFishingMerchant	よどみ水の残響マップ
8263	EchoMapWorshipMural	ルーンの残響マップ
8265	EchoMapShrineRoom	幻影の残響マップ
8267	EchoMapBindingString	運命の残響マップ
8269	EchoMapAlienTerminal1	新緑の残響マップ
8270	EchoMapAlienTerminal2	極寒の残響マップ
8271	EchoMapAlienTerminal3	猛火の残響マップ
8280	EchoMapTitanTemple	神聖なる残響マップ
8300	Lantern	ランタン
8301	OrbLantern	オーブランタン
8302	SmallLantern	小さなランタン
8303	PumpkinLantern	カボチャのランタン
8304	PearlLantern	真珠のランタン
8305	SoulLantern	魂のランタン
8320	WoodShield	木の盾
8321	PoisonousShield	毒の盾
8322	OctarineShield	オクタリンの盾
8323	IronShield	鉄の盾
8330	MinionDetonator	ミニオン起爆装置
8331	MinionDetonatorMinor	ミニオン発火装置
8340	SwiftFeather	スピードの羽
8341	AzeosSwiftFeather	アゼオスの俊足羽
8350	CavelingSkinTome	青い革製の本
8351	GoldenJellyfish	金色のクラゲ
8352	CavelingID	ケイヴリングの身分証
8353	TurtleShell	カメの甲羅
8354	OmorothBeak	オモロスのクチバシ
8355	GolemShield	セントリーの盾
8356	RoyalGel	王族のゲル
8357	CrystalMeteorShardOffhand	結晶メテオの塊
8358	LavaShield	灼熱のイージス
8359	ConceiledBlade	隠れ刃
8360	SmithingGlove	鍛造グローブ
8361	OracleDeck	オラクルデッキ
8362	CoreEye	コアの虹彩
8363	PetRock	ペットロック
8364	HydraBoneShield	ヒドラの骨の盾
8365	HydraBoneTooth	ヒドラの歯
8366	TrinityHeartOrbOffhand	トリニティハート
8368	RiftLensOffhand	亀裂のレンズ
8369	MoonstoneOffhand	ムーンストーン
8370	SummonerOffhand	爪痕のついた石
8371	MagnetOffHand	磁石
8372	RemoteDetonatorOffHand	ドッカンカチカチリモコン
8380	BaitFishBitesFaster	スパイシーなエサ
8381	BaitIncreasedChanceToGetFish	甘いエサ
8382	BaitIncreasedChanceToGetFishLoot	発光エサ
8383	BaitFishStartsCloserToBeReeledIn	ベタつくエサ
8384	BaitOctopusBoss	熟練のルアー
8385	BaitIncreaseChanceOfHigherRarityFish	紫色のエサ
8386	BaitFishBitesFasterAndIncreasedChanceToGetFish	緑色のエサ
8387	BaitFishBitesFasterAndStartsCloserToBeReeledIn	赤色のエサ
8400	CaveBag	坑夫のリュック
8401	GhormsStomachBag	ゴームの胃ぶくろリュック
8402	ScarletShellBackpack	真紅石のリュック
8403	ExplorerBackpack	探検家のリュック
8404	OctarineBackpack	オクタリンのリュック
8405	MorphaBag	モルファのブクブクかばん
8406	JuteBag	小さなリュック
8407	ScholarBag	学者のリュック
8450	OreAndBlockPouch	小さな鉱石とブロックのポーチ
8451	MediumOreAndBlockPouch	中くらいの鉱石とブロックのポーチ
8452	SeedAndCropsPouch	小さな種と作物のポーチ
8453	MediumSeedAndCropsPouch	中くらいの種と作物のポーチ
8454	ValuablePouch	小さな貴重品のポーチ
8455	MediumValuablePouch	中くらいの貴重品のポーチ
8456	FishPouch	小さな魚のポーチ
8457	MediumFishPouch	中くらいの魚のポーチ
8458	LargeOreAndBlockPouch	大きな鉱石とブロックのポーチ
8459	LargeSeedAndCropsPouch	大きな種と作物のポーチ
8460	LargeValuablePouch	大きな貴重品のポーチ
8461	LargeFishPouch	大きな魚のポーチ
8500	CopperHelm	銅の兜
8501	WoodHelm	木の兜
8502	PeasantHelm	農民の帽子
8503	CavelingHelm	ケイヴリングのフード
8504	IronHelm	鉄の兜
8505	BronzeHelm	青銅の兜
8509	CarapaceHelm	甲皮の兜
8510	LarvaHelm	幼虫の兜
8511	ScarletHelm	真紅石の兜
8512	HunterHelm	狩人のフード
8513	FarmerHelm	農夫の帽子
8514	OctarineHelm	オクタリンの兜
8515	RadicalRabbitEars	カゲキなウサ耳
8516	ScholarHelm	学者のフード
8517	DiverHelm	潜水用のヘルメット
8518	SlimeHelm	スライムの兜
8519	GolemHelm	セントリーの兜
8520	SunglassesHelm	サングラス
8521	OctopusHelm	オモロスの兜
8522	KingSlimeCrown	キングスライムの王冠
8523	GalaxiteHelm	ガラクサイトの兜
8524	AssassinHelm	アサシンのフード
8525	LavaHelm	マグマの角兜
8526	ScarabHelm	スカラベのバイザー
8527	MinerHelm	採掘者の保護ヘルメット
8528	DesertHelm	英雄の仮面
8529	PumpkinHelm	カボチャヘッド
8530	GhostBlanketHelm	不気味なフード付きブランケット
8531	FrankensteinHelm	フランケンブルートの頭
8532	GodsentHelm	神授の王の仮面
8533	SkirmisherHelm	スカーミッシャーの帽子
8534	SantaHelm	サンタの帽子
8535	GingerbreadManHelm	クッキーマンの頭
8536	GingerbreadHoodHelm	クッキーマンのフード
8537	SnowmanHelm	雪だるまの帽子
8538	WeddingHelm	花冠
8539	SuitHelm	シルクハット
8540	ArcheologyHelm	探検家の帽子
8541	CookHelm	シェフの帽子
8542	RadicalRabbitEarsDiadem	カゲキなウサ耳バンド
8543	ExplorerHelm	冒険者の帽子
8544	TamerHelm	ワイルドウォーデンの仮面
8545	RangerHelm	レンジャーのフード
8546	MushroomHelm	キノコ人間のかさ
8547	PotHelm	なべのフタ
8548	ShamanHelm	シャーマンのガイコツ
8549	HiveBoneHelm	ハイヴボーンの兜
8550	RamboHelm	傭兵のヘッドバンド
8551	MoldwebHelm	カビ糸の兜
8552	PlagueDoctorHelm	ペストマスク
8553	CrystalHelm	ソラライトのバーブート
8554	AtlantianWormHelm	アトラスワームの兜
8555	CookingPotHelm	調理なべのフタ
8556	NinjaHelm	忍者ずきん
8557	AlienTechHelm	宇宙のバイザー兜
8558	RadiationHelm	防護兜
8559	HydraBoneHelm	ヒドラの骨の兜
8560	CoreCommanderHelm	コア・コマンダーの兜
8561	CorruptWardenHelm	堕落の番人の仮面
8562	WitchDoctorHelm	呪術師の帽子
8563	GrimHelm	不吉なフード
8564	ApprenticeHelm	見習いの帽子
8565	SorcererHelm	魔術師のフード
8566	ArcaneMonkHelm	神秘術師の目隠し
8567	PandoriumHelm	パンドリウムの兜
8568	SulfurHelm	硫黄化石の兜
8569	ChieftainHelm	首領の頭飾り
8570	SoaringHelm	飛翔のハット
8571	DancerHelm	タッセルのイヤリング
8572	SwampMageHelm	スイレンの葉の帽子
8573	DesertGuardianHelm	砂漠の護り人の仮面
8574	BlastHelm	爆風ヘルメット
8575	DreamerHelm	夢想家のヘッドバンド
8576	SleepyHelm	パジャマのキャップ
8577	ShadowHelm	影の兜
8578	VoidFusedHelm	空虚宿しの兜
8579	InventorHelm	発明家のゴーグル
8580	PlateHelm	溶接工の兜
8581	ScarfHelm	スカーフ
8582	BandanaHelm	バンダナ
8600	CopperBreastArmor	銅の胸当て
8601	WoodBreastArmor	木の胸当て
8602	PeasantBreastArmor	農民の胸当て
8603	CavelingBreastArmor	ケイヴリングの胸当て
8604	IronBreastArmor	鉄の胸当て
8605	BronzeBreastArmor	青銅の胸当て
8609	CarapaceBreastArmor	甲皮の胸当て
8610	LarvaBreastArmor	幼虫の胸当て
8611	ScarletBreastArmor	真紅石の胸当て
8612	HunterBreastArmor	狩人のマント
8613	IvyBreastArmor	アイヴィーのトゲハーネス
8614	OctarineBreastArmor	オクタリンの胸当て
8615	ScholarArmor	学者のマント
8616	DiverArmor	海草のマントル
8617	SlimeBreastArmor	スライムの鎧
8618	TowelBreastArmor	タオル
8619	BikiniBreastArmorGreen	緑色のビキニトップ
8620	BikiniBreastArmorBlue	青色のビキニトップ
8621	BikiniBreastArmorRed	赤色のビキニトップ
8622	OctopusBreastArmor	オモロスの胸当て
8623	GalaxiteBreastArmor	ガラクサイトの胴鎧
8624	AssassinBreastArmor	アサシンのマント
8625	LavaBreastArmor	マグマの胴鎧
8626	ScarabBreastArmor	スカラベのハーネス
8627	MinerBreastArmor	採掘者の作業服
8628	DesertBreastArmor	英雄のハーネス
8629	GhostBlanketBreastArmor	不気味なブランケットケープ
8630	VampireCapeBreastArmor	ドラキュラルヴァのケープ
8631	GodsentBreastArmor	神授の王の胸当て
8632	GingerbreadBreastArmor	クッキーマンのトップス
8633	CupidBreastArmor	キューピッドのチュニック
8634	WeddingDressArmor	ウェディングドレス
8635	SuitBreastArmor	スーツのジャケット
8636	ArcheologyShirt	探検家のジャケット
8637	CookShirt	シェフのジャケット
8638	TamerBreastArmor	ワイルドウォーデンの肩甲
8639	RangerBreastArmor	レンジャーのチュニック
8640	RainBreastArmor	レインコート
8641	PotBreastArmor	なべの桶
8643	HiveBoneBreastArmor	ハイヴボーンの胸当て
8644	TrenchcoatBreastArmor	トレンチコート
8645	GolemBreastArmor	石の胸板
8646	MoldwebBreastArmor	カビ糸の胸当て
8647	CrystalBreastArmor	ソラライトの胸当て
8648	CookingPotBreastArmor	調理なべの桶
8649	RamboBreastArmor	衛兵のタンクトップ
8650	NinjaBreastArmor	忍者服
8651	AncientGemstoneBreastArmor	宝石の衣服
8652	AlienTechBreastArmor	宇宙の胴鎧
8653	RadiationBreastArmor	防護スーツジャケット
8654	HydraBoneBreastArmor	ヒドラの骨の胸当て
8655	CoreCommanderBreastArmor	コア・コマンダーの鎧
8656	CorruptWardenBreastArmor	堕落の番人のチュニック
8657	WitchDoctorBreastArmor	呪術師のベスト
8658	GrimBreastArmor	不吉な胸当て
8659	ApprenticeBreastArmor	見習いのローブ
8660	SorcererBreastArmor	魔術師のローブ
8661	ArcaneMonkBreastArmor	神秘術師のマント
8662	PandoriumBreastArmor	パンドリウムの胸当てとブレイサー
8663	SulfurBreastArmor	硫黄化石の胸当て
8664	ChieftainBreastArmor	首領のチュニック
8665	SoaringBreastArmor	飛翔のポンチョ
8666	DancerBreastArmor	タッセルのトップス
8667	SwampMageBreastArmor	スイレンの葉のチュニック
8668	DesertGuardianBreastArmor	砂漠の護り人のチュニック
8669	BlastBreastArmor	爆風プラカート
8670	DreamerBreastArmor	夢想家のベスト
8671	SleepyBreastArmor	パジャマのシャツ
8672	ShadowBreastArmor	影の胸当て
8673	VoidFusedBreastArmor	空虚宿しの胸当て
8674	InventorBreastArmor	発明家のエプロン
8675	PlateBreastArmor	溶接工の胸当て
8700	CopperPantsArmor	銅のズボン
8701	WoodPantsArmor	木のズボン
8703	CavelingPantsArmor	ケイヴリングのズボン
8704	IronPantsArmor	鉄のズボン
8705	BronzePantsArmor	青銅のズボン
8706	ScarletPantsArmor	真紅石のズボン
8707	IvyPantsArmor	アイヴィーのズボン
8708	OctarinePantsArmor	オクタリンのズボン
8709	DiverPantsArmor	潜水用のフィン
8710	SwimingPantsArmorGreen	緑色のボードショーツ
8711	SwimingPantsArmorBlue	青色のボードショーツ
8712	SwimingPantsArmorRed	赤色のボードショーツ
8713	BikiniPantsArmorGreen	緑色のビキニボトム
8714	BikiniPantsArmorBlue	青色のビキニボトム
8715	BikiniPantsArmorRed	赤色のビキニボトム
8716	OctopusPantsArmor	オモロスの足用防具
8717	GalaxitePantsArmor	ガラクサイトのズボン
8718	LavaPantsArmor	マグマのすねあて
8719	ScarabPantsArmor	スカラベのレッグ
8720	MinerPantsArmor	採掘者の作業ズボン
8721	DesertPantsArmor	英雄のズボン
8722	GodsentPantsArmor	神授の王の膝当て
8723	GingerbreadPantsArmor	クッキーマンのズボン
8724	SuitPantsArmor	スーツのズボン
8725	ArcheologyPants	探検家のズボン
8726	CookPants	シェフのズボン
8727	TamerPantsArmor	ワイルドウォーデンのズボン
8728	RangerPantsArmor	レンジャーのズボン
8729	RainPantsArmor	ゴムブーツ
8731	HiveBonePantsArmor	ハイヴボーンのズボン
8732	GolemPantsArmor	石のズボン
8733	RamboPantsArmor	傭兵のズボン
8734	MoldwebPantsArmor	カビ糸のズボン
8735	CrystalPantsArmor	ソラライトのタセット
8736	NinjaPantsArmor	忍者の脚絆
8737	AncientGemstonePantsArmor	宝石のハーレムパンツ
8738	AlienTechPantsArmor	宇宙の脚鎧
8739	RadiationPantsArmor	防護スーツパンツ
8740	HydraBonePantsArmor	ヒドラの骨のすね当て
8741	CoreCommanderPantsArmor	コア・コマンダーのすね当て
8742	CorruptWardenPantsArmor	堕落の番人のショーツ
8743	WitchDoctorPantsArmor	呪術師のジーンズ
8744	GrimPantsArmor	不吉な足具
8745	ApprenticePantsArmor	見習いのズボン
8746	SorcererPantsArmor	魔術師のズボン
8747	ArcaneMonkPantsArmor	神秘術師のレギンス
8748	PandoriumPantsArmor	パンドリウムのズボン
8749	SulfurPantsArmor	硫黄化石のブーツ
8750	ChieftainPantsArmor	首領のショーツ
8751	SoaringPantsArmor	飛翔のズボン
8752	DancerPantsArmor	タッセルのスカート
8753	SwampMagePantsArmor	スイレンの葉のショーツ
8754	DesertGuardianPantsArmor	砂漠の護り人のズボン
8755	BlastPantsArmor	爆風ズボン
8756	DreamerPantsArmor	夢想家のシャルヴァル
8757	SleepyPantsArmor	パジャマのズボン
8758	ShadowPantsArmor	影のレギンス
8759	VoidFusedPantsArmor	空虚宿しのレギンス
8760	InventorPantsArmor	発明家のレギンス
8761	PlatePantsArmor	溶接工のレギンス
8800	CopperCrossNecklace	銅の十字架ネックレス
8801	GrubEggNecklace	幼虫のタマゴネックレス
8802	IronChunkNecklace	鉄のかたまりネックレス
8803	HeartBerryNecklace	ハートベリーネックレス
8804	AmmoniteNecklace	アンモナイトのネックレス
8805	GoldCrystalNecklace	金結晶ネックレス
8806	BlobRosaryNecklace	ブヨブヨのロザリオネックレス
8807	AzeosBeakNecklace	アゼオスのクチバシネックレス
8808	RemedaisyNecklace	耐毒花のネックレス
8809	AncientGuardianNecklace	古代の護り人のネックレス
8810	MoldVeinNecklace	カビ血管のネックレス
8811	CaveGuppyNecklace	洞窟グッピーのネックレス
8812	BubblePearlNecklace	バブルパールネックレス
8813	PolishedCopperCrossNecklace	上質な銅の十字架ネックレス
8814	PolishedIronChunkNecklace	上質な鉄のかたまりネックレス
8815	PolishedGoldCrystalNecklace	上質な金結晶ネックレス
8816	AncientGemNecklace	古代の宝石のネックレス
8817	SkullNecklace	ガイコツのネックレス
8818	EostreNecklace	エオストレのネックレス
8819	DiverNecklace	ネプチューンのネックレス
8820	OmorothNecklace	オモロスのネックレス
8821	OctarineNecklace	オクタリンのネックレス
8822	ScarletChunkNecklace	真紅石のかたまりネックレス
8823	CoralAmulet	サンゴのアミュレット
8824	PolishedOctarineNecklace	上質なオクタリンネックレス
8825	PolishedScarletChunkNecklace	上質な真紅石のかたまりネックレス
8826	PolishedCoralAmulet	上質なサンゴのアミュレット
8827	ConchShellNecklace	巻き貝のネックレス
8828	OceanHeartNecklace	オーシャンハートのネックレス
8829	RustedNecklace	赤サビのネックレス
8830	TorcNecklace	トルクのネックレス
8831	RaAkarNecklace	ラ・アカールのネックレス
8832	NomadNecklace	放浪者のネックレス
8833	BoneNecklace	骨のネックレス
8834	BlackNecklace	黒のネックレス
8835	FlameNecklace	炎のネックレス
8836	FusionedChunkNecklace	融合物のかたまりネックレス
8837	SamhainOfferingNecklace	サウィンの奉納ネックレス
8838	ValentineNecklace	バレンタインのネックレス
8839	FangNecklace	牙のネックレス
8840	TamerNecklace	ワイルドウォーデンのネックレス
8841	AtlantianWormNecklace	アトラスワームのネックレス
8842	TowerShellNecklace	タワーシェルのネックレス
8843	CrystalNecklace	ガラス玉のネックレス
8844	HydraJewelryDesertNecklace	ファイドラのネックレス
8845	CrescentNecklace	クレセントネックレス
8846	SoulNecklace	魂のメダリオン
8847	BombNecklace	爆弾のネックレス
8848	ShadowCharmNecklace	黒のチャームネックレス
8850	ClotRing	血ぺいリング
8851	LarvaRing	幼虫のリング
8852	WoodenThornRing	木のトゲトゲリング
8853	GlowTulipRing	発光チューリップリング
8854	SwiftRing	スピードリング
8855	RingOfRock	岩のリング
8856	RingOfStone	石のリング
8857	GoldCrystalRing	金結晶リング
8858	MeltingCrystalRing	溶けた結晶リング
8859	SkyRing	空のリング
8860	CavelingMothersRing	ケイヴリングの母のリング
8861	PetalRing	花びらのリング
8862	MoldRing	カビのリング
8863	RustedRing	赤さびのリング
8864	SeaFoamRing	波の花のリング
8865	PolishedGoldCrystalRing	上質な金結晶リング
8866	PolishedGlowTulipRing	上質な発光チューリップリング
8867	PolishedSwiftRing	上質なスピードリング
8868	AncientGemRing	古代の宝石のリング
8869	IvyRing	アイヴィーのリング
8870	SkullRing	ガイコツのリング
8871	OstaraRing	オスタラのリング
8872	MorphaRing	モルファのリング
8873	CoralRing	サンゴのリング
8874	DiverRing	金魚のリング
8875	LuckyRing	運のリング
8876	AncientGuardianRing	古代の護り人のリング
8877	OmorothRing	オモロスのリング
8878	OctarineRing	オクタリンのリング
8879	MagneticRing	マグネリング
8880	GoldenSpikeRing	金色のスパイクリング
8881	PolishedOctarineRing	上質なオクタリンリング
8882	PolishedMagneticRing	上質なマグネリング
8883	PolishedGoldenSpikeRing	上質な金のスパイクリング
8884	SpineRing	背骨のリング
8885	WoodenRing	木のリング
8886	TopazRing	トパーズのリング
8887	WhiteGlassRing	白いガラスのリング
8888	SeptumRing	セプタムのリング
8889	RingOfSand	砂のリング
8890	BoneRing	骨のリング
8891	NomadRing	放浪者のリング
8892	BlackRing	黒のリング
8893	FlameRing	炎のリング
8894	BombRing	爆弾のリング
8895	NobleRing	高貴なリング
8896	DoubleRing	ダブルリング
8897	SamhainCurseRing	サウィンの呪いのリング
8898	ValentineRing	バレンタインのリング
8899	TamerRing	ワイルドウォーデンのリング
8900	CopperSword	銅の剣
8901	IronSword	鉄の剣
8902	ScarletSword	真紅石の剣
8903	TinSword	スズの剣
8905	SlimeSword	スライムの剣
8906	OctarineSword	オクタリンの剣
8907	SlipperySlimeSword	すべりやすいスライムの剣
8908	GalaxiteSword	ガラクサイトの剣
8909	WoodSword	木の剣
8910	SolariteSword	ソラライトの剣
8911	AtlantianWormSword	アトラスワームの剣
8930	LarvaSpikeClub	幼虫のスパイククラブ
8931	ShardClub	結晶のシャードクラブ
8940	PoisonousSickle	毒の鎌
8950	BrokenLegendarySword	壊れた柄
8951	LegendarySword	ルーンソング
8952	TinDagger	スズのダガー
8953	TinAxe	スズのオノ
8954	BattleAxe	バトルアックス
8955	ScarletDagger	真紅石のダガー
8956	RitualDagger	儀式用ダガー
8957	OctarineAxe	オクタリンのオノ
8958	AnchorAxe	錨のオノ
8959	LavaAxe	溶岩のバトルアックス
8960	GalaxiteDagger	ガラクサイトのダガー
8961	RustyDagger	さびた短剣
8970	TentacleWhip	触手のムチ
8971	HuntingSpear	狩猟槍
8972	AncientSpear	原始的な水晶の槍
8973	IronHalberdSpear	鉄の斧やり
8974	HydraBoneSword	ヒドラの骨の剣
8976	PandoriumAxe	パンドリウムのオノ
8977	VoidClub	空虚クラブ
9001	Bomb	爆弾
9002	SmallBomb	粗雑な爆弾
9003	LargeBomb	大きな爆弾
9004	FireworkRed	赤色のロケット花火
9005	FireworkGreen	緑色のロケット花火
9006	FireworkBlue	青色のロケット花火
9007	FireworkYellow	黄色のロケット花火
9008	FireworkPurple	紫色のロケット花火
9009	FireworkBig	ザ・ビッグ
9010	SulfurBomb	硫黄の爆弾
9011	FireGrenade	火炎グレネード
9012	PoisonGrenade	毒グレネード
9013	Grenade	グレネード
9014	StunGrenade	気絶グレネード
9015	CharmGrenade	魅了グレネード
9016	SeekerBomb	ネズミ爆弾
9017	BlunderBomb	ブランダー爆弾
9018	VoidBomb	空虚爆弾
9019	ProximityBomb	近接爆弾
9020	OilGrenade	石油グレネード
9021	BigGrenade	爆弾の束
9100	FlintlockMusket	マスケット銃
9102	Slingshot	パチンコ
9110	Grubzooka	バズバズーカ
9111	HandMortar	スクラップズーカ
9112	Blowpipe	吹き矢
9113	FireballStaff	火の玉の杖
9114	OctarineBow	オクタリンの弓
9115	LegendaryBow	ファントムスパーク
9116	IronBow	鉄の弓
9117	WoodBow	木の弓
9118	ScholarStaff	学者の杖
9119	BubbleGun	バブルガン
9120	ThrowingDaggers	スローイングダガー
9121	GalaxiteChakram	ガラクサイトのチャクラム
9122	Burnzooka	バーンズーカ
9123	ScarabMortar	爆弾スカラベの迫撃砲
9124	Snowball	雪玉
9125	CupidBow	キューピッドの弓
9126	SlimeStaff	ベトベト棒
9130	WoodCrossbow	木のクロスボウ
9131	ScarletCrossbow	真紅石のクロスボウ
9132	SolariteCrossbow	ソラライトのクロスボウ
9133	RazorFlake	跳ね返り手裏剣
9134	VoidOrbGun	ヴォイドガン
9135	LightningGun	ストームブリンガー
9136	ChaosStaff	混沌の杖
9137	Minigun	スクラップ・ミニガン
9138	Flamethrower	火炎放射器
9139	LegendaryMortar	ガレキの信頼
9140	LavaMortar	火山の迫撃砲
9141	StoneMortar	石の迫撃砲
9151	ArcaneStaff	神秘術の杖
9152	ZealotSword	狂信者の三日月刀
9153	BasicStaff	質素な杖
9154	SunStaff	サンコーラー
9155	MeteorStaff	破損したメテオの杖
9156	MeteorStaffLesser	有害なメテオの杖
9157	LegendaryStaff	巨獣の息吹
9176	TomeOfRange	闇の学術書
9177	TomeOfOrbit	深淵の学術書
9178	TomeOfMelee	死の学術書
9179	TomeOfFire	灰の学術書
9180	TomeOfPoison	疫病の学術書
9181	TomeOfRadiation	腐敗の学術書
9183	TomeOfMining	突破の学術書
9400	HealingPotion	回復ポーション
9401	EnragePotion	激怒ポーション
9402	StoneskinPotion	石肌ポーション
9403	PoisonAidPotion	毒治療ポーション
9404	GreaterHealingPotion	大回復ポーション
9405	KeenPotion	鋭敏ポーション
9406	GuardiansPotion	護り人のポーション
9407	CavelingCoffee	洞窟コーヒー
9408	HeartberrySoda	ハートベリーソーダ
9409	CrystalWater	結晶水
9410	UnusualPotion	奇妙なポーション
9411	LiquidMetal	華麗なアマルガム
9412	MagicPotion	神秘術のポーション
9413	MinionPotion	力の契約ポーション
9414	GiantMitochondrion	ジャンボミトコンドリア
9415	BurnResistancePotion	燃焼耐性ポーション
9416	ManaPotion	マナポーション
9417	GreaterManaPotion	大マナポーション
9500	CookedSoup	スープ
9501	CookedPudding	プリン
9502	CookedSalad	サラダ
9503	CookedWrap	ラップ
9504	CookedSteak	ステーキ
9505	CookedCheese	チーズ
9506	CookedDipSnack	ディップスナック
9507	CookedSushi	スシ
9508	CookedFishBalls	つみれ
9509	CookedFillet	フィレ
9510	CookedCereal	シリアル
9511	CookedSmoothie	スムージー
9512	CookedSandwich	サンドイッチ
9513	CookedPanCurry	カレー
9514	CookedCake	ケーキ
9600	CavelingBread	ケイヴリングのパン
9601	JingleJamCookie	ジングルジャムクッキー
9602	FoodRation	レーション
9603	CavelingCrunch	洞窟クランチ
9604	GlazedHeartberry	シロップがけハートベリー
9605	TentacleJerky	触手ジャーキー
9606	ChewyConeCandy	かみごたえのあるコーンキャンディ
9607	SpookyPopCandy	不気味なポップキャンディ
9608	EvilEyeCandy	エビルアイキャンディ
9609	FruitBread	フルーツパン
9610	WinterDinner	冬のディナー
9611	HotPunch	ホットポンチ
9612	HotChocolate	ホットチョコレート
9613	WinterCookies	冬のクッキー
9614	GoldenChocolate	ゴールデンチョコレート
9615	BoxOfChocolates	チョコレートボックス
9616	DistilledSlime	蒸留愛
9617	KelpDumpling	海草だんご
9618	AtlantianWormHeart	アトラスワームの心臓
9619	CrystalKelp	結晶の海草
9620	CosmicCheese	月面チーズ
9621	FruitBasket	楽園のフルーツバスケット
9622	VoidHydraHeart	オブリドラの心臓
9700	OrangeCaveGuppy	オレンジ色の洞窟グッピー
9701	BlueCaveGuppy	青色の洞窟グッピー
9702	RockJaw	ロックジョー
9703	GemCrab	ホウセキガニ
9704	DaggerFin	カミソリウオ
9705	PinkPalaceFish	モモイロキュウデンギョ
9706	TealPalaceFish	アオミドリキュウデンギョ
9707	CrownSquid	大王イカ
9708	YellowBlisterHead	イエローブリスターヘッド
9709	GreenBlisterHead	緑色のブリスターヘッド
9710	DevilWorm	デビルワーム
9711	VampireEel	吸血ウナギ
9712	MoldShark	カビザメ
9713	RotFish	ロットフィッシュ
9714	BlackSteelUrchin	クロガネウニ
9715	AzureFeatherFish	空色のハネウオ
9716	EmeraldFeatherFish	翡翠色のハネウオ
9717	SpiritVeil	スピリットベール
9718	AstralJelly	星クラゲ
9719	BottomTracer	ボトムトレーサー
9720	SilverTorrentDart	銀色のダート
9721	GoldenTorrentDart	金色のダート
9722	PinkCoralotl	ピンクサンゴウオ
9723	WhiteCoralotl	シロサンゴウオ
9724	SolidSpikeback	ハードスパイクバック
9725	SandySpikeback	サンドスパイクバック
9726	GreyDuneTail	グレイデューンテール
9727	BrownDuneTail	ブラウンデューンテール
9728	TornisKingfish	トーニスキングフィッシュ
9729	DarkLavaEater	ダークラヴァイーター
9730	BrightLavaEater	ブライトラヴァイーター
9731	VerdantDragonfish	グリーンドラゴンフィッシュ
9732	ElderDragonfish	エルダードラゴンフィッシュ
9733	StarlightNautilus	スターライトノーチラス
9734	AngleFish	緑柱石のアングルフィッシュ
9735	Deepstalker	玲瓏なディープストーカー
9736	CosmicForm	宇宙の形状
9737	GoldenAngleFish	碧玉のアングルフィッシュ
9738	GoldenDeepstalker	華麗なディープストーカー
9739	TerraTrilobite	陸三葉虫
9740	LithoTrilobite	岩三葉虫
9741	PinkhornPico	ピンク角のピコ
9742	GreenhornPico	緑角のピコ
9743	RiftianLampfish	亀裂のランプフィッシュ
9800	CritterBeetle	黒虫
9801	CritterLarva	ちび幼虫
9802	CritterCrab	ムーンピッカー
9803	ButterflySunset	サンセットフェアリー
9804	ButterflyDreamy	ドリームエンジェル
9805	ButterflyCitrus	シトラスピニオン
9806	ButterflyIcy	アイスウィンド
9807	ButterflyBase	クリムゾンウィング
9808	CritterScorpion	リトルデス
9809	CritterGrasshopper	リーフホッパー
9810	CritterWorm	ミミズ
9811	CritterCentipede	ゲッジゲジ
9812	CritterCockroach	ペスト虫
9813	CritterCrab2	サンピッカー
9814	CritterTinySnail	ホウセキツムリ
9815	CritterSnootFly	ウンザリ蚊
9816	CritterNewt	カゲイモリ
9817	CritterPassageFly	ドレープエイ
9818	CritterShrew	スニフリング
9819	CritterLarvaVoid	空虚ちび幼虫
9900	LegendarySwordBlade	欠けた刃
9901	LegendarySwordGemstone	透き通った宝石
9902	ShamanBossCrystalShard	結晶ガイコツの破片
9903	CoreProtocol1	停止プロトコル
9904	CoreProtocol2	異常レポート
9905	CoreProtocol3	上書き転写
9906	LegendaryBowPart1	交信の宝石
9907	LegendaryBowPart2	折れたリム
9908	LegendaryBowPart3	エネルギーストリング
9909	CrystalMeteorShard	結晶メテオの破片
9910	HydraBossFirstCraftingItem	巨蟲の脳
9911	HydraBossNatureCraftingItem	桃色のヒドラの眼
9912	HydraBossSeaCraftingItem	白色のヒドラの眼
9913	HydraBossVoidCraftingItem	忘却のかけら
9916	LegendaryMortarPart1	空虚鍛造のタル
9917	LegendaryMortarPart2	神聖化された発射コア
9918	LegendaryMortarPart3	S.A.H.A.B.A.R.の迫撃砲の外装
9919	LegendaryStaffPart1	ネジ巻き枝
9920	LegendaryStaffPart2	マグマロッド
9921	LegendaryStaffPart3	凍てついたオーブ
10000	EasterEggDirt	茶色のイースターエッグ
10001	EasterEggClay	バラ色のイースターエッグ
10002	EasterEggStone	灰色のイースターエッグ
10003	EasterEggNature	緑色のイースターエッグ
10004	EasterGoldenEgg	金色の巨大タマゴ
10005	EasterChickenHat	ニワトリの帽子
10006	EasterChickenSuit	ニワトリの胸当て
10007	EasterChickenPants	ニワトリのズボン
10008	EasterEggcellentHat	エッグセレントな帽子
10009	EasterEggcellentSuit	エッグセレントな胸当て
10010	EasterEggcellentPants	エッグセレントなズボン
10011	EasterPillar	イースターの柱
10012	EasterEggFlowerpot	イースターエッグの植木鉢
10013	EasterDaisyFloorspread	デイジーのフローリング
10014	EasterGarland	イースターの花飾り
10015	EasterMeadowTable	イースターの芝生テーブル
10016	EasterEggLamp	イースターエッグランプ
10017	EasterMeadowStool	イースターの芝生スツール
10018	EasterPedestal	イースターの台座
10019	EasterWorkbench	イースターの作業台
10100	HalloweenGoodieBag	サウィンのお楽しみ袋
10101	PumpkinCoin	カボチャコイン
10102	WallEerieBlock	ブキミなカベ
10103	EerieFloor	ブキミな床
10104	EerieTable	ブキミなテーブル
10105	EerieStool	ブキミなスツール
10106	EerieDresser	ブキミなドレッサー
10107	EerieChest	ブキミな宝箱
10108	EerieTreeLight	ねじれ根のたいまつ
10109	EerieRug	ブキミなカーペット
10110	CandleStack	キャンドルスタック
10200	ChristmasPresent	冬のプレゼント
10201	ChristmasWallDecorationA	冬のリースのカベ装飾
10202	ChristmasWallDecorationB	ホリデーなくつしたのカベ装飾
10203	ChristmasWallDecorationC	キャンディケーンのカベ装飾
10204	ChristmasWallDecorationD	冬のキャンドルのカベ装飾
10205	ChristmasWallDecorationE	雪の結晶のカベ装飾
10206	ChristmasLuxuryPresent	豪華な冬のプレゼント
10207	ChristmasTree	冬のデコレーションツリー
10208	ChristmasTable	パーティのテーブル
10209	ChristmasStool	パーティのスツール
10210	ChristmasFireplace	パーティの暖炉
10211	ChristmasSnowman	雪だるま
10212	SnowballPyramid	雪玉ピラミッド
10213	Candle	キャンドル
10214	ChristmasLightDecorationMix	パーティのウォールライト
10215	ChristmasLightDecorationPaintable	パーティのぬりぬりウォールライト
10300	ValentinePresent	バレンタインギフト
10301	ValentineLetter	ラブレター
10302	ValentineRug	ハート型のカーペット
10303	ValentineCandles	バレンタインのキャンドル
10304	ValentineWallHearts	ハートの壁飾り
10305	ValentinePainting	ハートの絵画
10306	ValentinePlushie	ケイヴリングブルートのぬいぐるみ
10400	AnniversaryPartyHatGreen	緑色のパーティハット
10401	AnniversaryPartyHatRed	赤色のパーティハット
10402	AnniversaryPartyHatBlue	青色のパーティハット
10404	AnniversaryPartyHatPurple	紫色のパーティハット
10405	AnniversaryCake	記念日のケーキ
10500	WhiteCherryFlower	白桜の花
10501	PinkCherryFlower	紅桜の花
10502	WhiteCherryTree	白桜の木
10503	PinkCherryTree	紅桜の木
10600	ChineseLantern	ちょうちん
10601	RedEnvelope	紅包
10602	ChineseGuardianLion	獅子の守護像
10603	ChineseKnot	神秘の飾り結び
10604	ChineseWallLantern	壁掛けちょうちん
10605	DragonMaskHelm	龍のお面
10606	ChineseCoin	福のコイン
10607	ChineseFoldingScreen	びょうぶ
10608	LuckyCat	招き猫
15500	MeadowTree	牧草地の木
15501	MeadowBush	牧草地の草むら
15502	MeadowTallGrass	牧草地の高草
16009	PottedEnvelopeTree	紅包付きの観葉植物
18850	AtlantianWormRing	アトラスワームのリング
18851	CrystalRing	ガラス玉のリング
18852	HydraJewelryNatureRing	ドルイドラのリング
18853	HydraJewelrySeaRing	クライドラのリング
18854	CrescentRing	クレセントリング
18890	HourglassRing	砂時計リング
18891	ViciousRing	悪意のリング
18892	BoundaryRing	境界のリング
18893	PuppetRing	パペットリング
18894	ExcavationBurnerRing	エーテルのリング
18895	ExcavationScrewNutRing	らせんのリング
18999	MakeAWishHat	メイク・ア・ウィッシュの帽子
19000	ContributorItem0	パグのぬいぐるみ
19001	ContributorItemDaresielSword	割れた木の剣
19002	ContributorItemDakonHat	イカれ帽子
19003	ContributorItemOwlunaeBook	絵文字のスケッチブック
19004	ContributorItem1	番人の玉座
